District,Soil_Type,Crop_Name,N_kg_ha,P2O5_kg_ha,K2O_kg_ha,Zn_kg_ha,S_kg_ha,Recommended_pH,Turbidity_NTU,Water_Temp_C,Weather,Fertilizer
Ahmednagar,Black,Sugarcane,231.1,106.3,184.2,6.28,42.0,7.1,3.4,28.9,Moderate Rainfall,Complex Fertilizer
Ahmednagar,Black,Sugarcane,234.3,88.6,187.3,8.25,32.7,7.9,6.7,34.5,Post-Monsoon,NPK 19:19:19
Ahmednagar,Black,Wheat,99.1,64.1,63.4,2.59,17.5,8.2,11.9,31.3,Pre-Monsoon,DAP
Ahmednagar,Black,Wheat,109.4,50.0,64.1,3.47,20.2,7.7,8.7,34.6,Winter,Urea
Ahmednagar,Clay,Sugarcane,265.4,85.3,175.0,6.2,37.6,6.7,3.2,30.5,Moderate Rainfall,Complex Fertilizer
Ahmednagar,Clay,Sugarcane,218.4,107.9,194.0,8.26,40.5,8.0,3.8,33.6,Post-Monsoon,Urea
Ahmednagar,Clay,Cotton,153.2,41.3,51.9,4.68,25.4,7.3,6.0,31.7,Pre-Monsoon,Complex Fertilizer
Ahmednagar,Clay,Wheat,97.9,52.0,57.0,4.28,15.9,8.0,10.9,33.5,Winter,Urea
Ahmednagar,Red,Cotton,115.5,66.3,63.2,2.74,25.8,6.9,9.2,29.9,Moderate Rainfall,Complex Fertilizer
Ahmednagar,Red,Maize,135.2,80.4,50.4,6.07,22.8,5.6,9.2,32.6,Post-Monsoon,Complex Fertilizer
Ahmednagar,Red,Cotton,146.3,56.2,45.8,4.84,24.8,6.9,4.0,26.1,Pre-Monsoon,Urea
Ahmednagar,Red,Maize,135.4,70.0,48.3,3.14,16.7,6.6,11.4,30.4,Winter,NPK 12:32:16
Akola,Black,Cotton,105.5,42.6,64.8,3.25,20.4,8.4,3.5,32.5,Moderate Rainfall,DAP
Akola,Black,Soybean,34.0,61.1,51.7,5.02,17.3,7.3,8.9,33.9,Monsoon,DAP
Akola,Black,Cotton,101.8,39.7,49.6,4.09,18.3,8.1,7.3,30.3,Post-Monsoon,DAP
Akola,Black,Cotton,137.7,60.2,61.6,2.85,18.1,8.5,11.3,27.1,Winter,Urea
Akola,Clay,Cotton,135.1,56.7,47.7,3.91,20.1,7.2,8.5,33.5,Moderate Rainfall,Urea
Akola,Clay,Soybean,31.2,63.6,39.6,3.78,24.2,7.3,9.7,31.0,Monsoon,NPK 12:32:16
Akola,Clay,Cotton,133.4,43.0,49.7,4.15,20.1,7.6,11.9,28.3,Post-Monsoon,Urea
Akola,Clay,Soybean,36.1,72.1,46.2,3.18,25.2,6.6,4.5,30.3,Winter,DAP
Akola,Red,Soybean,39.0,91.1,46.7,3.45,17.3,6.3,10.7,26.4,Moderate Rainfall,NPK 12:32:16
Akola,Red,Soybean,40.6,89.7,56.7,5.51,24.9,5.9,8.2,32.2,Monsoon,NPK 12:32:16
Akola,Red,Cotton,144.4,72.9,53.3,4.56,22.3,6.8,3.1,33.8,Post-Monsoon,DAP
Akola,Red,Soybean,43.7,80.9,49.0,4.42,27.9,5.9,4.1,30.2,Winter,Superphosphate
Amravati,Black,Soybean,38.0,67.1,49.5,3.19,21.0,7.4,6.3,34.5,Moderate Rainfall,Superphosphate
Amravati,Black,Cotton,102.4,48.8,47.9,4.16,15.8,7.5,4.5,29.6,Monsoon,Urea
Amravati,Black,Soybean,24.2,75.1,52.2,4.63,19.7,8.4,8.7,26.5,Post-Monsoon,NPK 12:32:16
Amravati,Black,Soybean,35.9,79.1,49.3,3.32,22.9,7.6,9.0,31.5,Winter,Superphosphate
Amravati,Clay,Soybean,37.4,71.7,41.0,4.04,22.6,8.0,11.6,28.0,Moderate Rainfall,NPK 12:32:16
Amravati,Clay,Soybean,35.2,64.4,43.4,3.4,22.5,6.5,11.7,26.2,Monsoon,NPK 12:32:16
Amravati,Clay,Soybean,40.0,73.9,46.5,3.21,17.5,7.4,9.0,27.5,Post-Monsoon,DAP
Amravati,Clay,Soybean,36.2,62.1,48.0,4.32,19.5,7.4,8.0,32.1,Winter,DAP
Amravati,Red,Pigeon Pea,30.8,56.9,29.1,4.4,21.6,6.9,6.4,29.4,Moderate Rainfall,Ammonium Sulphate
Amravati,Red,Soybean,39.2,75.4,55.9,4.7,18.1,5.8,6.2,26.7,Monsoon,Superphosphate
Amravati,Red,Soybean,31.2,86.5,45.3,3.99,16.1,6.6,9.9,33.4,Post-Monsoon,NPK 12:32:16
Amravati,Red,Pigeon Pea,32.8,62.8,36.8,3.84,17.5,6.9,7.3,27.6,Winter,Complex Fertilizer
Aurangabad,Black,Sorghum,81.2,40.3,52.3,4.37,13.9,8.3,14.4,36.5,Dry,MOP
Aurangabad,Black,Sorghum,89.2,42.4,55.9,5.41,19.5,8.0,16.1,36.6,Post-Monsoon,Superphosphate
Aurangabad,Black,Sorghum,81.7,46.2,45.7,3.61,10.4,7.6,12.8,30.1,Semi-Arid,Ammonium Sulphate
Aurangabad,Black,Sorghum,87.3,45.7,49.5,2.55,19.1,7.5,11.3,32.3,Summer,Urea
Aurangabad,Red,Cotton,142.9,65.7,44.8,2.39,27.2,6.5,10.0,33.8,Dry,Complex Fertilizer
Aurangabad,Red,Soybean,33.6,94.5,57.5,4.33,17.7,5.7,19.4,36.0,Post-Monsoon,NPK 12:32:16
Aurangabad,Red,Cotton,138.9,59.7,59.2,4.88,27.0,5.7,18.4,37.9,Semi-Arid,Complex Fertilizer
Aurangabad,Red,Soybean,36.9,88.0,42.0,3.18,26.5,5.7,18.2,29.4,Summer,DAP
Aurangabad,Sandy,Sorghum,103.3,48.4,58.4,2.56,13.1,6.2,18.3,30.4,Dry,Superphosphate
Aurangabad,Sandy,Bajra,80.9,42.4,38.5,2.83,15.6,7.3,9.5,34.5,Post-Monsoon,Ammonium Sulphate
Aurangabad,Sandy,Cotton,180.4,50.5,65.6,4.23,22.7,6.3,12.6,37.8,Semi-Arid,Complex Fertilizer
Aurangabad,Sandy,Bajra,96.8,36.7,39.2,4.09,11.0,6.4,19.8,36.5,Summer,MOP
Beed,Black,Sorghum,85.4,42.6,50.6,4.93,18.2,8.1,15.8,34.6,Dry,Vermicompost
Beed,Black,Sorghum,73.7,41.2,53.1,2.73,14.7,8.0,19.0,37.2,Post-Monsoon,Complex Fertilizer
Beed,Black,Cotton,132.0,58.2,46.5,2.86,22.7,7.6,8.9,33.7,Semi-Arid,NPK 19:19:19
Beed,Black,Cotton,116.3,42.0,66.2,4.36,20.3,7.6,16.1,31.9,Summer,Complex Fertilizer
Beed,Red,Cotton,132.5,65.0,58.5,3.2,21.5,5.7,11.3,34.5,Dry,Complex Fertilizer
Beed,Red,Cotton,128.1,70.3,64.9,4.62,19.5,5.7,19.1,37.9,Post-Monsoon,NPK 19:19:19
Beed,Red,Cotton,161.3,61.5,64.1,3.15,19.5,6.7,15.6,34.2,Semi-Arid,DAP
Beed,Red,Cotton,127.5,58.8,69.4,3.05,18.5,6.8,11.8,32.0,Summer,DAP
Beed,Sandy,Sorghum,102.8,47.6,52.6,2.72,20.0,6.3,10.5,37.9,Dry,Superphosphate
Beed,Sandy,Bajra,85.6,35.9,40.7,4.69,15.8,6.9,16.4,28.2,Post-Monsoon,NPK 12:32:16
Beed,Sandy,Bajra,78.0,35.7,35.4,3.08,12.5,7.3,14.7,33.9,Semi-Arid,NPK 12:32:16
Beed,Sandy,Bajra,94.3,35.7,45.7,4.98,13.8,6.5,13.3,37.8,Summer,Vermicompost
Bhandara,Black,Soybean,30.8,65.3,55.2,4.91,18.4,7.2,9.8,28.0,Moderate Rainfall,Superphosphate
Bhandara,Black,Soybean,34.9,60.3,49.2,2.86,14.1,8.0,3.3,31.0,Monsoon,NPK 12:32:16
Bhandara,Black,Wheat,116.5,52.6,63.1,5.14,17.5,7.7,10.6,27.3,Post-Monsoon,Urea
Bhandara,Black,Soybean,35.4,72.5,49.3,3.3,22.5,7.5,8.2,31.8,Winter,Superphosphate
Bhandara,Clay,Rice,110.4,60.9,59.5,4.67,17.9,7.4,9.9,30.0,Moderate Rainfall,NPK 12:32:16
Bhandara,Clay,Rice,118.3,48.6,57.4,4.84,18.1,6.6,5.9,32.7,Monsoon,NPK 12:32:16
Bhandara,Clay,Rice,109.9,49.5,55.0,4.23,19.0,6.6,9.6,30.7,Post-Monsoon,NPK 12:32:16
Bhandara,Clay,Rice,101.3,59.7,48.8,3.5,21.3,7.9,4.5,28.5,Winter,Urea
Bhandara,Red,Rice,102.8,66.9,65.2,3.36,20.7,6.6,4.3,27.9,Moderate Rainfall,DAP
Bhandara,Red,Soybean,37.2,89.6,49.2,2.77,15.8,6.6,5.3,26.6,Monsoon,Superphosphate
Bhandara,Red,Rice,116.6,66.9,57.0,3.99,15.3,6.2,11.8,27.7,Post-Monsoon,DAP
Bhandara,Red,Rice,115.5,66.7,55.2,3.09,15.6,6.5,7.1,28.9,Winter,Urea
Buldhana,Black,Cotton,130.7,46.9,53.0,4.8,19.6,7.4,6.3,27.2,Moderate Rainfall,NPK 19:19:19
Buldhana,Black,Cotton,120.1,51.8,59.5,4.98,20.3,7.7,4.8,33.3,Monsoon,Urea
Buldhana,Black,Cotton,83.8,40.6,59.4,2.64,27.4,7.7,5.8,34.1,Post-Monsoon,DAP
Buldhana,Black,Cotton,131.6,53.0,58.7,5.34,18.0,8.3,10.5,27.3,Winter,NPK 19:19:19
Buldhana,Clay,Wheat,97.0,53.2,55.8,4.49,22.6,7.1,11.9,30.1,Moderate Rainfall,NPK 12:32:16
Buldhana,Clay,Soybean,37.2,77.3,51.3,4.8,20.8,7.5,10.4,30.6,Monsoon,NPK 12:32:16
Buldhana,Clay,Cotton,126.2,60.7,62.6,3.25,15.7,7.7,6.5,28.5,Post-Monsoon,DAP
Buldhana,Clay,Soybean,35.7,79.1,52.0,3.77,18.7,7.7,11.6,33.8,Winter,DAP
Buldhana,Red,Cotton,157.7,62.1,66.1,4.96,19.3,6.6,5.3,34.4,Moderate Rainfall,Urea
Buldhana,Red,Cotton,165.7,60.1,49.3,4.07,17.6,5.9,11.3,33.9,Monsoon,NPK 19:19:19
Buldhana,Red,Soybean,33.4,77.4,51.7,4.75,22.5,6.9,8.3,26.1,Post-Monsoon,Superphosphate
Buldhana,Red,Sorghum,98.0,52.0,44.4,3.05,12.2,6.5,11.9,32.2,Winter,Ammonium Sulphate
Chandrapur,Black,Cotton,130.0,48.2,53.2,3.48,22.7,7.7,4.8,28.8,Moderate Rainfall,DAP
Chandrapur,Black,Cotton,116.9,54.2,56.6,3.17,24.1,7.2,10.2,29.4,Monsoon,DAP
Chandrapur,Black,Cotton,109.4,46.8,54.7,3.1,18.1,7.9,7.3,29.4,Post-Monsoon,Complex Fertilizer
Chandrapur,Black,Cotton,121.8,56.2,64.5,2.96,19.1,8.4,3.8,29.9,Winter,Urea
Chandrapur,Clay,Rice,97.0,53.7,63.6,3.33,10.4,7.7,4.5,29.2,Moderate Rainfall,Urea
Chandrapur,Clay,Rice,102.0,54.6,49.5,4.16,12.1,6.8,7.1,26.4,Monsoon,Urea
Chandrapur,Clay,Rice,111.8,49.7,56.1,5.52,18.9,6.9,3.0,31.2,Post-Monsoon,DAP
Chandrapur,Clay,Cotton,105.0,44.1,53.6,3.92,16.8,6.6,8.0,31.3,Winter,DAP
Chandrapur,Red,Rice,116.5,68.6,56.2,4.97,14.2,5.8,7.8,29.6,Moderate Rainfall,NPK 12:32:16
Chandrapur,Red,Rice,129.9,75.9,66.7,4.46,10.7,6.6,10.3,29.1,Monsoon,Urea
Chandrapur,Red,Rice,128.0,68.5,60.7,2.57,14.7,6.8,6.9,31.4,Post-Monsoon,NPK 12:32:16
Chandrapur,Red,Soybean,40.0,86.8,53.3,4.91,22.3,5.9,10.3,30.2,Winter,NPK 12:32:16
Dhule,Alluvial,Cotton,125.2,35.9,43.4,2.68,24.3,6.9,5.7,30.8,Moderate Rainfall,NPK 19:19:19
Dhule,Alluvial,Wheat,92.6,50.7,56.7,3.61,25.4,7.5,3.7,28.8,Monsoon,Urea
Dhule,Alluvial,Cotton,140.8,47.3,44.9,3.36,17.7,7.4,4.1,27.7,Post-Monsoon,NPK 19:19:19
Dhule,Alluvial,Cotton,121.8,47.5,50.7,3.6,17.2,6.7,7.5,31.8,Winter,DAP
Dhule,Black,Cotton,110.4,43.7,56.3,4.65,20.7,8.3,11.0,33.3,Moderate Rainfall,NPK 19:19:19
Dhule,Black,Cotton,101.1,55.9,60.2,3.63,20.9,8.3,11.5,26.8,Monsoon,Urea
Dhule,Black,Cotton,92.9,53.6,59.1,5.47,19.3,7.9,9.5,32.8,Post-Monsoon,Complex Fertilizer
Dhule,Black,Cotton,95.6,50.9,42.2,3.15,26.0,7.7,7.5,34.8,Winter,NPK 19:19:19
Dhule,Red,Cotton,158.6,71.1,63.0,5.48,20.1,6.6,5.8,30.8,Moderate Rainfall,Urea
Dhule,Red,Cotton,119.1,52.1,56.2,3.12,22.1,6.1,11.6,32.7,Monsoon,Complex Fertilizer
Dhule,Red,Cotton,120.0,50.9,56.3,3.03,16.1,6.8,4.9,26.3,Post-Monsoon,Complex Fertilizer
Dhule,Red,Cotton,118.6,49.3,45.7,3.09,19.1,5.6,11.3,28.3,Winter,NPK 19:19:19
Gadchiroli,Black,Soybean,34.8,77.2,46.0,2.9,23.0,8.3,11.2,32.7,Moderate Rainfall,NPK 12:32:16
Gadchiroli,Black,Wheat,112.2,53.4,52.7,3.38,17.9,8.2,3.4,26.5,Monsoon,Urea
Gadchiroli,Black,Soybean,24.9,57.8,45.6,3.85,25.3,7.9,4.4,30.6,Post-Monsoon,NPK 12:32:16
Gadchiroli,Black,Soybean,32.0,66.8,55.9,3.48,22.0,7.3,10.1,34.3,Winter,DAP
Gadchiroli,Clay,Wheat,123.5,61.4,60.0,4.05,15.4,6.6,10.8,32.9,Moderate Rainfall,Urea
Gadchiroli,Clay,Rice,118.8,54.3,59.3,3.25,16.6,6.6,10.7,28.0,Monsoon,DAP
Gadchiroli,Clay,Rice,121.4,51.9,60.1,3.63,17.2,7.3,5.7,32.7,Post-Monsoon,DAP
Gadchiroli,Clay,Wheat,128.7,53.6,57.2,3.57,19.1,6.5,10.1,29.0,Winter,Urea
Gadchiroli,Red,Rice,132.7,63.7,56.4,3.16,16.4,7.0,3.8,28.9,Moderate Rainfall,NPK 12:32:16
Gadchiroli,Red,Rice,131.5,66.0,62.4,3.87,15.0,6.2,3.7,32.1,Monsoon,Urea
Gadchiroli,Red,Rice,118.8,63.9,62.6,3.13,20.2,6.3,7.1,31.8,Post-Monsoon,DAP
Gadchiroli,Red,Rice,131.2,61.0,58.1,4.02,15.8,5.5,3.1,28.0,Winter,NPK 12:32:16
Gondia,Black,Wheat,104.9,54.0,65.2,4.1,22.6,7.9,3.6,30.7,Moderate Rainfall,NPK 12:32:16
Gondia,Black,Wheat,103.9,65.6,60.0,5.38,23.5,7.9,10.4,34.2,Monsoon,Urea
Gondia,Black,Soybean,31.5,82.4,47.6,3.6,21.2,7.2,9.8,31.8,Post-Monsoon,Superphosphate
Gondia,Black,Soybean,31.1,74.8,53.0,4.1,17.6,7.0,11.8,26.5,Winter,Superphosphate
Gondia,Clay,Rice,107.1,49.0,54.3,3.45,14.9,7.7,9.7,27.7,Moderate Rainfall,DAP
Gondia,Clay,Soybean,38.0,67.2,48.5,4.01,26.1,6.7,3.1,26.2,Monsoon,NPK 12:32:16
Gondia,Clay,Wheat,107.0,57.2,52.5,4.13,18.9,6.5,5.5,30.2,Post-Monsoon,DAP
Gondia,Clay,Rice,123.1,52.1,53.6,3.18,18.1,7.4,5.5,32.2,Winter,DAP
Gondia,Red,Rice,126.2,64.0,54.5,3.21,14.2,7.0,6.3,26.7,Moderate Rainfall,Urea
Gondia,Red,Rice,123.7,59.1,63.4,5.38,10.8,5.8,11.2,31.3,Monsoon,NPK 12:32:16
Gondia,Red,Rice,128.1,62.7,68.5,5.38,13.7,6.1,3.7,30.5,Post-Monsoon,Urea
Gondia,Red,Rice,126.3,63.3,60.1,3.99,18.2,5.9,4.1,27.1,Winter,NPK 12:32:16
Hingoli,Black,Cotton,109.9,53.5,61.7,5.2,20.0,7.4,9.4,35.1,Dry,DAP
Hingoli,Black,Cotton,129.1,46.7,60.8,5.94,14.5,7.6,16.8,36.0,Post-Monsoon,Complex Fertilizer
Hingoli,Black,Sorghum,71.9,45.4,54.1,3.9,21.1,7.3,13.7,31.9,Semi-Arid,Vermicompost
Hingoli,Black,Sorghum,77.6,44.9,46.8,3.9,16.0,7.6,9.6,31.2,Summer,DAP
Hingoli,Red,Cotton,165.8,56.3,56.5,3.11,20.4,6.4,9.3,29.5,Dry,NPK 19:19:19
Hingoli,Red,Cotton,145.2,58.9,52.4,5.69,22.5,6.9,19.8,34.5,Post-Monsoon,DAP
Hingoli,Red,Cotton,131.8,45.3,52.6,3.49,18.9,5.5,18.6,33.7,Semi-Arid,DAP
Hingoli,Red,Cotton,140.3,68.1,50.5,4.5,19.5,5.7,12.1,33.8,Summer,Complex Fertilizer
Hingoli,Sandy,Bajra,82.6,36.4,38.4,4.01,12.3,6.8,15.1,32.4,Dry,MOP
Hingoli,Sandy,Bajra,90.1,34.1,42.5,4.93,11.6,6.1,15.2,35.7,Post-Monsoon,Urea
Hingoli,Sandy,Pigeon Pea,31.4,56.4,32.4,4.43,22.1,7.0,16.8,29.1,Semi-Arid,Ammonium Sulphate
Hingoli,Sandy,Bajra,86.8,37.6,45.9,3.41,12.5,6.7,11.8,37.1,Summer,Superphosphate
Jalgaon,Alluvial,Cotton,134.9,50.8,59.3,4.11,21.9,7.2,7.7,33.8,Moderate Rainfall,DAP
Jalgaon,Alluvial,Cotton,114.5,57.1,46.8,2.7,19.3,6.5,3.7,32.0,Monsoon,NPK 19:19:19
Jalgaon,Alluvial,Wheat,125.7,45.3,57.8,3.87,18.1,6.6,10.2,29.0,Post-Monsoon,NPK 12:32:16
Jalgaon,Alluvial,Cotton,125.8,39.1,49.8,3.16,16.2,6.7,11.9,31.7,Winter,DAP
Jalgaon,Black,Cotton,142.8,55.4,54.6,2.97,23.5,7.1,6.2,32.4,Moderate Rainfall,NPK 19:19:19
Jalgaon,Black,Cotton,103.3,60.8,53.2,4.21,21.3,7.2,9.1,27.2,Monsoon,Complex Fertilizer
Jalgaon,Black,Cotton,113.3,44.8,62.0,5.12,18.4,8.2,7.7,32.0,Post-Monsoon,Complex Fertilizer
Jalgaon,Black,Cotton,112.4,51.3,45.9,3.79,24.1,8.2,4.1,29.0,Winter,Complex Fertilizer
Jalgaon,Red,Cotton,171.5,65.3,41.8,4.79,23.2,5.6,7.3,32.0,Moderate Rainfall,Complex Fertilizer
Jalgaon,Red,Banana,238.2,164.1,324.4,7.34,35.5,6.7,6.8,34.6,Monsoon,DAP
Jalgaon,Red,Cotton,141.0,68.3,47.8,4.97,27.7,5.5,7.3,30.8,Post-Monsoon,Complex Fertilizer
Jalgaon,Red,Cotton,146.6,69.8,58.7,4.32,17.2,6.7,8.5,33.0,Winter,NPK 19:19:19
Jalna,Black,Sorghum,66.0,45.9,44.6,5.61,12.5,7.7,17.3,34.5,Dry,Vermicompost
Jalna,Black,Cotton,119.6,51.8,47.5,4.4,18.1,7.2,16.9,29.3,Post-Monsoon,Complex Fertilizer
Jalna,Black,Sorghum,84.0,48.1,43.8,4.35,10.7,7.3,15.2,30.3,Semi-Arid,Organic Compost
Jalna,Black,Sorghum,89.6,39.5,50.8,3.47,16.7,7.9,16.5,31.5,Summer,DAP
Jalna,Red,Cotton,143.9,54.9,68.4,4.54,16.9,6.3,8.9,36.9,Dry,DAP
Jalna,Red,Cotton,178.0,53.2,47.9,4.36,23.1,5.8,17.8,31.6,Post-Monsoon,Complex Fertilizer
Jalna,Red,Cotton,120.4,67.3,69.8,4.06,17.7,6.4,8.9,32.6,Semi-Arid,Urea
Jalna,Red,Cotton,148.0,70.9,51.2,4.39,20.9,6.0,8.6,37.3,Summer,DAP
Jalna,Sandy,Bajra,96.1,39.1,51.6,2.99,12.3,6.0,11.4,29.2,Dry,Urea
Jalna,Sandy,Bajra,81.2,39.4,38.2,3.89,13.1,6.0,13.0,31.6,Post-Monsoon,Vermicompost
Jalna,Sandy,Bajra,91.0,40.2,40.2,3.85,16.6,6.1,15.8,33.6,Semi-Arid,Organic Compost
Jalna,Sandy,Bajra,72.2,35.8,46.0,2.91,11.0,7.3,13.8,34.9,Summer,MOP
Kolhapur,Alluvial,Sugarcane,233.7,90.8,207.1,7.86,38.8,7.3,5.3,29.0,Moderate Rainfall,Urea
Kolhapur,Alluvial,Wheat,109.0,41.5,60.1,3.38,21.1,6.9,8.6,32.1,Post-Monsoon,DAP
Kolhapur,Alluvial,Wheat,108.0,49.6,54.5,2.93,20.5,7.0,11.0,28.5,Pre-Monsoon,DAP
Kolhapur,Alluvial,Sugarcane,288.3,96.8,174.8,5.68,28.6,6.6,7.4,26.5,Winter,NPK 19:19:19
Kolhapur,Black,Sugarcane,178.8,87.4,230.3,10.53,35.0,7.6,6.3,27.7,Moderate Rainfall,NPK 19:19:19
Kolhapur,Black,Sugarcane,269.4,85.0,213.9,5.79,35.1,8.1,4.2,30.0,Post-Monsoon,DAP
Kolhapur,Black,Sugarcane,209.4,92.1,221.0,7.33,35.1,8.1,4.1,29.2,Pre-Monsoon,DAP
Kolhapur,Black,Sugarcane,227.1,78.8,191.8,9.19,28.9,7.4,5.7,27.8,Winter,Complex Fertilizer
Kolhapur,Red,Sugarcane,269.0,130.2,221.0,6.47,25.8,5.9,7.9,33.4,Moderate Rainfall,DAP
Kolhapur,Red,Maize,127.6,75.4,54.6,3.42,18.6,6.1,7.0,32.3,Post-Monsoon,MOP
Kolhapur,Red,Rice,133.4,60.6,68.6,3.59,14.2,6.9,10.0,34.5,Pre-Monsoon,Urea
Kolhapur,Red,Sorghum,106.6,56.6,48.2,3.17,17.1,5.9,9.9,28.5,Winter,Organic Compost
Latur,Black,Sorghum,79.2,47.4,55.2,4.05,11.3,7.3,8.1,36.0,Dry,Ammonium Sulphate
Latur,Black,Sorghum,79.3,39.6,57.1,2.96,14.0,8.3,9.4,33.3,Post-Monsoon,Superphosphate
Latur,Black,Sorghum,81.0,46.3,44.2,4.45,12.6,7.5,18.0,34.9,Semi-Arid,Superphosphate
Latur,Black,Sorghum,86.0,42.5,46.9,3.27,15.9,8.3,15.1,30.2,Summer,Ammonium Sulphate
Latur,Red,Sorghum,87.9,57.3,51.1,5.07,10.8,6.2,12.5,34.9,Dry,Ammonium Sulphate
Latur,Red,Soybean,43.0,89.8,54.3,3.94,23.7,6.0,12.6,32.2,Post-Monsoon,NPK 12:32:16
Latur,Red,Soybean,38.8,84.0,46.9,3.45,19.1,6.5,10.6,36.2,Semi-Arid,NPK 12:32:16
Latur,Red,Cotton,154.4,69.6,58.0,4.82,22.3,6.8,11.6,30.5,Summer,Complex Fertilizer
Latur,Sandy,Sorghum,111.8,51.8,50.4,3.66,12.9,6.0,8.8,37.1,Dry,Organic Compost
Latur,Sandy,Cotton,143.4,55.2,72.1,4.83,25.6,7.3,13.1,30.9,Post-Monsoon,Urea
Latur,Sandy,Bajra,84.3,36.9,47.8,4.17,13.0,6.0,18.8,35.5,Semi-Arid,DAP
Latur,Sandy,Sorghum,114.1,57.2,58.2,3.92,13.5,6.3,18.2,29.3,Summer,Urea
Mumbai City,Laterite,Rice,142.1,77.3,62.8,4.45,16.7,5.9,4.3,28.9,Heavy Rainfall,NPK 12:32:16
Mumbai City,Laterite,Rice,156.8,72.7,66.3,4.44,16.5,5.8,2.1,27.9,Humid,DAP
Mumbai City,Laterite,Rice,127.6,74.9,57.2,4.54,21.1,6.1,6.6,27.2,Monsoon,NPK 12:32:16
Mumbai City,Laterite,Rice,129.4,72.8,64.2,4.66,19.1,5.8,4.0,31.3,Post-Monsoon,NPK 12:32:16
Mumbai City,Red,Rice,103.0,60.1,63.4,3.08,18.1,6.4,4.7,27.4,Heavy Rainfall,DAP
Mumbai City,Red,Rice,123.1,63.2,63.1,5.07,10.6,7.0,2.1,29.3,Humid,DAP
Mumbai City,Red,Rice,108.6,56.8,61.2,5.32,13.2,6.4,7.1,27.7,Monsoon,NPK 12:32:16
Mumbai City,Red,Rice,134.2,61.8,64.2,3.0,17.2,5.8,5.1,27.5,Post-Monsoon,NPK 12:32:16
Mumbai City,Sandy,Vegetables,135.9,77.5,92.0,3.15,28.2,6.7,5.0,26.8,Heavy Rainfall,Ammonium Sulphate
Mumbai City,Sandy,Vegetables,184.0,88.5,93.0,3.5,19.0,7.2,2.8,26.2,Humid,Organic Compost
Mumbai City,Sandy,Vegetables,149.4,69.3,107.8,4.81,22.4,6.1,3.8,27.3,Monsoon,Vermicompost
Mumbai City,Sandy,Vegetables,122.9,83.5,120.0,2.94,30.2,6.4,6.2,26.2,Post-Monsoon,Complex Fertilizer
Mumbai Suburban,Laterite,Rice,131.5,72.0,68.3,5.69,12.5,6.4,4.2,28.0,Heavy Rainfall,NPK 12:32:16
Mumbai Suburban,Laterite,Rice,137.0,71.9,60.0,4.03,15.9,5.7,3.8,30.1,Humid,Urea
Mumbai Suburban,Laterite,Rice,137.4,74.7,68.8,4.68,13.0,6.3,4.1,30.0,Monsoon,Urea
Mumbai Suburban,Laterite,Rice,158.5,81.8,55.6,3.81,9.9,5.4,5.6,25.2,Post-Monsoon,DAP
Mumbai Suburban,Red,Rice,114.0,69.9,59.1,3.96,11.4,6.8,4.2,28.8,Heavy Rainfall,NPK 12:32:16
Mumbai Suburban,Red,Rice,118.3,62.0,71.0,2.9,15.1,6.3,6.8,27.6,Humid,Urea
Mumbai Suburban,Red,Rice,120.6,65.3,58.4,3.29,18.3,5.7,6.5,31.6,Monsoon,DAP
Mumbai Suburban,Red,Rice,121.1,64.6,64.9,3.09,9.2,6.5,4.8,30.7,Post-Monsoon,Urea
Mumbai Suburban,Sandy,Vegetables,154.5,75.7,117.1,2.99,26.9,7.0,3.3,28.0,Heavy Rainfall,MOP
Mumbai Suburban,Sandy,Vegetables,115.6,66.4,103.8,3.65,27.1,6.8,6.2,27.3,Humid,NPK 12:32:16
Mumbai Suburban,Sandy,Vegetables,173.5,69.7,110.2,2.8,19.9,7.2,6.1,27.1,Monsoon,Vermicompost
Mumbai Suburban,Sandy,Vegetables,153.0,74.8,110.5,3.28,24.1,6.9,2.7,25.2,Post-Monsoon,Ammonium Sulphate
Nagpur,Black,Cotton,80.8,37.8,67.5,5.7,23.8,7.4,3.1,26.2,Moderate Rainfall,NPK 19:19:19
Nagpur,Black,Cotton,127.6,47.4,50.8,4.33,28.9,7.3,10.7,28.7,Monsoon,NPK 19:19:19
Nagpur,Black,Cotton,109.4,58.9,64.1,5.19,25.2,7.2,10.3,32.8,Post-Monsoon,Urea
Nagpur,Black,Cotton,120.4,56.0,50.5,3.15,23.3,7.5,9.0,28.3,Winter,NPK 19:19:19
Nagpur,Clay,Wheat,120.6,55.4,53.5,3.63,20.6,6.8,6.2,33.9,Moderate Rainfall,Urea
Nagpur,Clay,Soybean,34.9,76.2,49.3,3.85,23.3,7.9,11.6,32.7,Monsoon,DAP
Nagpur,Clay,Cotton,123.5,49.9,45.6,3.76,17.4,6.8,4.6,31.0,Post-Monsoon,Complex Fertilizer
Nagpur,Clay,Cotton,115.3,50.0,45.7,3.17,22.4,7.6,9.8,32.7,Winter,NPK 19:19:19
Nagpur,Red,Cotton,133.6,67.3,59.2,3.16,19.0,6.2,6.9,30.9,Moderate Rainfall,DAP
Nagpur,Red,Cotton,111.5,59.8,61.7,5.05,24.4,5.6,6.6,26.7,Monsoon,DAP
Nagpur,Red,Cotton,118.5,56.6,59.5,3.12,26.3,5.5,9.8,28.5,Post-Monsoon,DAP
Nagpur,Red,Soybean,39.0,94.0,55.4,3.46,21.2,6.7,11.9,34.5,Winter,DAP
Nanded,Alluvial,Cotton,113.9,39.5,51.6,2.99,22.1,7.4,16.4,34.6,Dry,NPK 19:19:19
Nanded,Alluvial,Soybean,33.5,76.9,42.1,3.24,18.1,6.8,10.2,36.9,Post-Monsoon,NPK 12:32:16
Nanded,Alluvial,Cotton,141.5,43.0,44.8,4.66,25.5,7.3,12.4,30.9,Semi-Arid,Urea
Nanded,Alluvial,Soybean,41.0,62.6,43.5,5.31,21.1,6.6,15.5,34.8,Summer,NPK 12:32:16
Nanded,Black,Sorghum,93.3,43.4,50.3,5.58,11.4,7.3,19.2,36.5,Dry,Vermicompost
Nanded,Black,Cotton,121.2,45.5,68.5,4.35,15.6,7.6,19.8,36.5,Post-Monsoon,NPK 19:19:19
Nanded,Black,Cotton,93.2,42.6,54.0,3.32,21.4,8.1,17.6,33.9,Semi-Arid,NPK 19:19:19
Nanded,Black,Cotton,96.8,43.6,47.4,3.01,21.6,8.3,14.4,28.6,Summer,DAP
Nanded,Red,Soybean,39.4,98.7,53.8,2.87,22.4,5.5,15.3,32.4,Dry,Superphosphate
Nanded,Red,Cotton,134.6,70.2,52.9,5.44,25.4,6.5,14.5,32.0,Post-Monsoon,Complex Fertilizer
Nanded,Red,Soybean,39.7,84.1,49.6,3.52,20.7,5.8,10.7,37.3,Semi-Arid,DAP
Nanded,Red,Cotton,134.5,49.7,61.0,4.58,18.8,5.7,11.0,32.9,Summer,Complex Fertilizer
Nandurbar,Alluvial,Maize,147.3,63.3,47.8,4.29,25.6,6.8,9.0,31.4,Moderate Rainfall,DAP
Nandurbar,Alluvial,Maize,132.2,64.3,53.8,6.86,26.9,6.8,10.4,34.4,Monsoon,Superphosphate
Nandurbar,Alluvial,Cotton,140.2,52.1,53.1,3.13,14.0,7.4,8.8,32.6,Post-Monsoon,NPK 19:19:19
Nandurbar,Alluvial,Cotton,107.4,39.3,53.5,2.79,14.4,6.9,11.1,30.1,Winter,Urea
Nandurbar,Black,Cotton,125.7,57.5,46.1,3.96,21.6,8.0,6.3,30.6,Moderate Rainfall,Urea
Nandurbar,Black,Cotton,135.5,58.6,70.7,3.93,22.7,7.7,5.1,32.9,Monsoon,NPK 19:19:19
Nandurbar,Black,Cotton,111.9,52.7,57.6,2.9,17.9,7.0,10.2,32.3,Post-Monsoon,Urea
Nandurbar,Black,Cotton,143.4,47.7,65.8,3.77,24.5,7.8,6.1,26.3,Winter,Complex Fertilizer
Nandurbar,Red,Cotton,135.5,52.3,50.9,4.34,19.5,6.8,9.5,33.1,Moderate Rainfall,DAP
Nandurbar,Red,Cotton,116.2,52.7,46.4,4.35,24.3,6.0,11.5,29.9,Monsoon,DAP
Nandurbar,Red,Cotton,112.3,55.9,69.4,3.67,22.3,6.9,10.0,28.3,Post-Monsoon,NPK 19:19:19
Nandurbar,Red,Maize,128.8,96.7,46.3,4.28,21.5,5.8,4.1,27.5,Winter,Ammonium Sulphate
Nashik,Alluvial,Wheat,110.9,45.4,57.7,4.27,24.4,7.3,3.8,28.2,Moderate Rainfall,Urea
Nashik,Alluvial,Maize,136.5,63.5,47.3,3.72,15.1,7.0,10.4,34.6,Monsoon,NPK 12:32:16
Nashik,Alluvial,Grapes,115.6,51.0,142.7,6.69,30.8,6.5,7.5,30.0,Post-Monsoon,Organic Compost
Nashik,Alluvial,Maize,150.5,70.4,49.1,2.96,16.8,7.0,6.0,32.3,Winter,Superphosphate
Nashik,Black,Grapes,145.1,66.0,135.3,10.03,28.5,8.2,5.4,30.8,Moderate Rainfall,Organic Compost
Nashik,Black,Onion,124.0,69.4,99.1,3.15,31.5,7.4,10.8,32.6,Monsoon,MOP
Nashik,Black,Grapes,102.0,66.2,123.5,7.4,22.5,8.0,3.2,34.3,Post-Monsoon,NPK 19:19:19
Nashik,Black,Onion,142.6,77.3,90.9,3.31,26.0,7.4,5.7,29.6,Winter,DAP
Nashik,Red,Tomato,212.5,105.5,174.4,3.66,27.2,6.3,9.5,27.4,Moderate Rainfall,Superphosphate
Nashik,Red,Wheat,133.6,61.7,57.5,2.78,23.4,6.0,7.1,29.3,Monsoon,NPK 12:32:16
Nashik,Red,Grapes,126.3,64.5,164.6,7.26,25.8,6.3,3.9,30.5,Post-Monsoon,Organic Compost
Nashik,Red,Cotton,124.6,71.9,61.7,3.03,18.4,5.9,5.4,27.2,Winter,DAP
Osmanabad,Black,Sorghum,75.1,42.6,52.3,2.64,18.8,7.1,16.9,37.7,Dry,NPK 12:32:16
Osmanabad,Black,Sorghum,77.8,43.6,53.6,5.69,13.0,7.8,10.9,35.0,Post-Monsoon,Ammonium Sulphate
Osmanabad,Black,Sorghum,81.8,43.2,51.6,2.45,20.4,8.3,12.0,37.3,Semi-Arid,Organic Compost
Osmanabad,Black,Sorghum,95.3,41.3,44.8,3.58,13.9,7.5,14.2,33.2,Summer,Superphosphate
Osmanabad,Red,Cotton,112.0,46.7,49.9,3.99,18.9,6.4,14.0,30.3,Dry,DAP
Osmanabad,Red,Cotton,138.3,69.6,46.9,3.45,18.0,6.4,10.5,28.2,Post-Monsoon,Urea
Osmanabad,Red,Cotton,123.5,73.2,49.0,3.48,25.2,6.7,10.4,35.7,Semi-Arid,NPK 19:19:19
Osmanabad,Red,Cotton,143.0,65.5,56.2,4.56,28.4,5.6,18.6,32.7,Summer,DAP
Osmanabad,Sandy,Bajra,70.6,34.8,39.2,5.21,10.4,6.6,12.8,29.3,Dry,Complex Fertilizer
Osmanabad,Sandy,Bajra,84.5,34.2,41.8,4.83,13.2,7.1,15.8,30.0,Post-Monsoon,Superphosphate
Osmanabad,Sandy,Sorghum,116.2,49.7,50.6,3.02,11.7,6.8,18.0,31.0,Semi-Arid,DAP
Osmanabad,Sandy,Bajra,103.4,36.0,45.1,4.19,10.1,6.2,10.3,37.2,Summer,Urea
Palghar,Laterite,Rice,137.1,67.8,73.3,4.54,19.0,5.2,3.6,29.1,Heavy Rainfall,Urea
Palghar,Laterite,Rice,143.1,72.4,63.9,3.82,12.1,5.8,4.8,27.3,Humid,DAP
Palghar,Laterite,Rice,134.5,77.7,67.3,3.67,18.3,5.0,4.0,30.6,Monsoon,Urea
Palghar,Laterite,Rice,121.9,84.9,62.9,3.12,17.7,5.8,6.6,31.5,Post-Monsoon,NPK 12:32:16
Palghar,Red,Rice,114.9,67.4,56.4,3.83,17.1,7.0,4.4,26.6,Heavy Rainfall,DAP
Palghar,Red,Rice,133.8,67.1,57.6,4.72,9.8,6.0,7.8,31.9,Humid,DAP
Palghar,Red,Rice,121.8,68.8,58.4,5.03,16.4,6.3,7.7,26.8,Monsoon,NPK 12:32:16
Palghar,Red,Rice,110.6,62.2,56.8,4.2,13.5,6.5,5.4,31.0,Post-Monsoon,DAP
Palghar,Sandy,Vegetables,165.6,75.6,112.6,3.3,23.2,6.1,2.3,26.8,Heavy Rainfall,MOP
Palghar,Sandy,Coconut,658.0,354.8,1500.8,11.69,35.8,6.2,4.0,27.3,Humid,Organic Compost
Palghar,Sandy,Coconut,703.7,392.9,1563.8,6.48,42.2,7.0,5.1,31.9,Monsoon,Urea
Palghar,Sandy,Vegetables,167.4,76.1,112.9,3.21,30.1,6.0,3.8,25.0,Post-Monsoon,NPK 12:32:16
Parbhani,Black,Sorghum,94.6,53.3,55.7,4.33,20.9,8.3,17.7,34.2,Dry,Organic Compost
Parbhani,Black,Soybean,35.0,62.3,56.8,5.88,29.1,8.3,10.6,34.5,Post-Monsoon,DAP
Parbhani,Black,Sorghum,81.2,49.4,55.5,4.38,21.0,7.9,9.3,35.0,Semi-Arid,Ammonium Sulphate
Parbhani,Black,Cotton,88.1,44.0,45.1,3.33,24.8,8.0,9.1,36.8,Summer,Urea
Parbhani,Red,Cotton,125.9,67.3,47.3,2.79,16.2,5.6,18.0,37.3,Dry,Complex Fertilizer
Parbhani,Red,Cotton,156.1,47.6,50.6,5.42,23.3,6.8,8.8,35.6,Post-Monsoon,NPK 19:19:19
Parbhani,Red,Cotton,119.0,72.9,62.8,3.74,22.5,6.5,17.9,37.1,Semi-Arid,Urea
Parbhani,Red,Soybean,43.3,87.9,45.7,3.82,18.5,5.7,19.4,36.4,Summer,NPK 12:32:16
Parbhani,Sandy,Bajra,98.1,37.3,44.3,2.51,12.5,6.4,11.3,36.7,Post-Monsoon,Urea
Parbhani,Sandy,Bajra,81.3,42.3,40.0,5.31,14.6,6.1,15.7,36.9,Semi-Arid,MOP
Parbhani,Sandy,Bajra,85.5,36.0,38.6,2.82,11.4,6.2,15.5,30.3,Summer,NPK 12:32:16
Pune,Alluvial,Sugarcane,270.0,85.8,145.2,8.8,32.2,6.6,10.4,31.4,Moderate Rainfall,Complex Fertilizer
Pune,Alluvial,Sugarcane,227.7,88.2,166.4,10.69,30.6,7.0,5.2,28.1,Post-Monsoon,NPK 19:19:19
Pune,Alluvial,Sugarcane,228.1,85.7,168.9,8.25,36.7,6.9,10.3,27.1,Pre-Monsoon,Complex Fertilizer
Pune,Alluvial,Sugarcane,218.9,108.6,146.1,9.31,42.2,7.4,4.4,34.7,Winter,DAP
Pune,Black,Sugarcane,191.5,105.4,191.9,6.14,26.3,7.4,3.4,34.9,Moderate Rainfall,DAP
Pune,Black,Sugarcane,198.5,107.0,182.8,6.98,39.1,7.4,11.5,27.9,Post-Monsoon,Urea
Pune,Black,Sugarcane,277.3,113.7,201.3,5.77,33.6,7.3,3.3,26.2,Pre-Monsoon,Complex Fertilizer
Pune,Black,Sugarcane,201.9,95.8,237.6,6.99,29.9,7.0,11.8,28.5,Winter,NPK 19:19:19
Pune,Red,Vegetables,127.8,70.4,96.6,5.3,27.8,5.6,8.8,31.6,Moderate Rainfall,Organic Compost
Pune,Red,Vegetables,131.6,76.8,87.5,3.98,20.1,5.7,6.4,26.8,Post-Monsoon,DAP
Pune,Red,Vegetables,154.2,71.2,98.6,3.25,23.3,6.3,7.4,29.7,Pre-Monsoon,NPK 12:32:16
Pune,Red,Vegetables,125.4,85.3,94.0,3.99,31.0,6.3,6.3,27.8,Winter,Ammonium Sulphate
Raigad,Laterite,Rice,133.1,76.7,66.8,4.73,19.2,5.8,7.6,30.1,Heavy Rainfall,Urea
Raigad,Laterite,Rice,132.9,77.9,59.2,5.93,14.2,6.3,3.3,29.4,Humid,DAP
Raigad,Laterite,Rice,121.0,74.6,65.4,4.2,9.4,6.1,4.2,25.3,Monsoon,Urea
Raigad,Laterite,Coconut,753.4,545.7,1597.7,8.91,44.7,5.5,5.6,25.8,Post-Monsoon,DAP
Raigad,Red,Rice,109.5,63.4,66.1,4.5,20.0,6.9,2.5,31.5,Heavy Rainfall,Urea
Raigad,Red,Rice,124.5,70.3,60.1,3.62,17.7,6.8,6.8,31.6,Humid,Urea
Raigad,Red,Rice,117.2,70.1,58.8,4.89,11.2,5.7,6.1,30.2,Monsoon,Urea
Raigad,Red,Rice,130.4,66.6,54.9,2.55,17.7,6.7,7.6,30.6,Post-Monsoon,NPK 12:32:16
Raigad,Sandy,Coconut,674.7,435.3,1669.4,9.3,40.5,7.3,2.0,27.5,Heavy Rainfall,Superphosphate
Raigad,Sandy,Coconut,611.1,374.1,1480.3,10.33,33.0,6.6,2.9,29.9,Humid,Urea
Raigad,Sandy,Coconut,747.5,430.9,1359.7,10.13,29.1,6.5,2.2,28.8,Monsoon,NPK 12:32:16
Ratnagiri,Laterite,Rice,160.8,71.9,59.1,5.0,12.7,6.3,4.8,29.9,Heavy Rainfall,DAP
Ratnagiri,Laterite,Rice,133.8,80.5,73.2,5.26,11.4,5.3,5.5,30.2,Humid,NPK 12:32:16
Ratnagiri,Laterite,Rice,140.8,80.8,69.5,5.32,12.5,5.0,7.3,25.7,Monsoon,NPK 12:32:16
Ratnagiri,Laterite,Rice,151.6,74.0,64.3,4.5,18.3,5.1,2.1,31.1,Post-Monsoon,DAP
Ratnagiri,Red,Mango,194.9,104.3,185.0,8.89,22.1,5.7,3.7,25.4,Heavy Rainfall,Vermicompost
Ratnagiri,Red,Mango,209.9,122.5,126.4,10.92,25.9,6.9,2.7,27.2,Humid,Ammonium Sulphate
Ratnagiri,Red,Rice,112.2,75.7,63.6,3.55,22.1,6.3,6.9,30.9,Monsoon,Urea
Ratnagiri,Red,Mango,121.8,83.8,170.2,9.32,33.8,6.4,5.0,29.2,Post-Monsoon,Organic Compost
Ratnagiri,Sandy,Coconut,629.4,397.4,1613.1,9.91,29.6,6.8,7.0,25.5,Heavy Rainfall,Ammonium Sulphate
Ratnagiri,Sandy,Coconut,656.0,434.3,1704.2,11.41,27.7,6.9,2.4,30.0,Humid,Urea
Ratnagiri,Sandy,Coconut,596.7,327.0,1540.3,11.62,29.0,6.4,7.3,28.6,Monsoon,Ammonium Sulphate
Ratnagiri,Sandy,Rice,126.6,60.6,57.7,4.04,11.0,6.2,3.0,25.5,Post-Monsoon,NPK 12:32:16
Sangli,Alluvial,Sugarcane,253.4,87.9,193.0,4.78,33.7,6.9,8.8,33.5,Moderate Rainfall,Urea
Sangli,Alluvial,Sugarcane,240.6,91.1,190.2,7.99,28.9,7.3,5.8,32.9,Post-Monsoon,Urea
Sangli,Alluvial,Sugarcane,249.1,96.1,149.3,7.08,37.8,6.6,5.6,29.9,Pre-Monsoon,Urea
Sangli,Alluvial,Sugarcane,231.3,81.5,175.7,6.58,34.3,6.5,8.5,29.4,Winter,DAP
Sangli,Black,Sugarcane,214.9,104.2,205.1,6.82,27.7,7.5,11.4,34.7,Moderate Rainfall,Complex Fertilizer
Sangli,Black,Sugarcane,198.5,79.5,221.3,6.8,33.2,7.1,11.9,30.6,Post-Monsoon,NPK 19:19:19
Sangli,Black,Sugarcane,204.1,107.8,209.7,9.34,25.3,7.0,8.2,29.3,Pre-Monsoon,Urea
Sangli,Black,Sugarcane,228.8,111.0,171.9,8.34,38.9,7.1,7.0,27.7,Winter,Urea
Sangli,Red,Maize,146.2,82.1,50.8,2.83,21.0,6.5,8.7,33.1,Moderate Rainfall,Ammonium Sulphate
Sangli,Red,Sugarcane,260.8,131.2,175.6,9.99,33.1,6.6,5.8,31.4,Post-Monsoon,NPK 19:19:19
Sangli,Red,Sugarcane,249.0,96.5,221.4,4.88,30.2,5.5,6.7,30.2,Pre-Monsoon,Complex Fertilizer
Sangli,Red,Sorghum,107.7,55.1,44.8,3.63,18.2,6.1,10.8,29.9,Winter,Urea
Satara,Alluvial,Sugarcane,202.2,77.2,164.9,10.3,31.5,6.5,5.5,29.0,Moderate Rainfall,NPK 19:19:19
Satara,Alluvial,Sugarcane,212.8,69.0,141.7,10.85,32.6,7.0,10.5,32.9,Post-Monsoon,NPK 19:19:19
Satara,Alluvial,Wheat,115.9,49.4,52.1,3.85,20.4,6.8,6.1,26.5,Pre-Monsoon,DAP
Satara,Alluvial,Sugarcane,234.9,103.0,174.8,7.41,27.7,6.5,10.7,33.3,Winter,Complex Fertilizer
Satara,Black,Sugarcane,251.8,127.2,180.9,8.87,34.0,7.3,8.5,26.4,Moderate Rainfall,NPK 19:19:19
Satara,Black,Sugarcane,256.0,94.9,221.9,6.38,34.1,8.3,5.7,27.6,Post-Monsoon,Complex Fertilizer
Satara,Black,Sugarcane,285.1,110.8,192.9,8.2,39.2,7.8,5.4,31.1,Pre-Monsoon,NPK 19:19:19
Satara,Black,Sugarcane,208.9,96.0,221.4,5.82,27.8,7.1,9.7,30.4,Winter,Urea
Satara,Red,Maize,161.3,85.6,53.6,5.22,21.3,5.5,6.9,34.7,Moderate Rainfall,Urea
Satara,Red,Maize,149.6,85.7,50.5,6.6,18.7,5.7,6.8,31.5,Post-Monsoon,NPK 12:32:16
Satara,Red,Sugarcane,243.7,106.1,211.6,9.26,43.3,6.8,3.7,30.1,Pre-Monsoon,Complex Fertilizer
Satara,Red,Maize,142.5,77.4,56.2,8.05,26.1,5.8,8.7,31.8,Winter,Urea
Sindhudurg,Laterite,Coconut,591.7,471.6,1601.9,10.08,33.1,5.7,2.4,29.2,Heavy Rainfall,NPK 12:32:16
Sindhudurg,Laterite,Rice,146.8,82.4,68.9,4.5,21.9,5.8,7.4,25.3,Humid,DAP
Sindhudurg,Laterite,Coconut,755.3,429.1,1541.1,12.82,33.4,6.1,7.6,29.8,Monsoon,Superphosphate
Sindhudurg,Laterite,Rice,153.1,72.8,62.6,4.09,20.3,6.5,5.5,30.7,Post-Monsoon,NPK 12:32:16
Sindhudurg,Red,Rice,124.7,69.2,59.4,2.97,20.8,5.6,7.4,30.7,Heavy Rainfall,DAP
Sindhudurg,Red,Rice,118.8,70.7,65.2,2.34,10.8,5.8,6.9,30.9,Humid,DAP
Sindhudurg,Red,Rice,116.5,73.2,59.8,3.61,16.1,5.9,7.5,31.7,Monsoon,NPK 12:32:16
Sindhudurg,Red,Rice,120.7,65.1,55.6,5.94,17.5,6.3,6.0,31.6,Post-Monsoon,DAP
Sindhudurg,Sandy,Coconut,673.7,416.4,1560.0,9.81,27.1,6.2,7.1,25.8,Heavy Rainfall,Superphosphate
Sindhudurg,Sandy,Coconut,671.9,375.2,1536.7,13.44,31.9,7.4,3.0,26.7,Humid,Organic Compost
Sindhudurg,Sandy,Coconut,771.9,412.1,1468.9,9.2,23.2,6.9,5.7,28.5,Monsoon,NPK 12:32:16
Sindhudurg,Sandy,Coconut,583.7,407.3,1483.5,15.9,37.7,7.0,5.6,31.8,Post-Monsoon,Superphosphate
Solapur,Black,Wheat,93.5,52.3,59.9,4.63,20.4,8.4,10.9,34.3,Moderate Rainfall,DAP
Solapur,Black,Wheat,113.7,51.4,55.9,5.73,18.9,8.2,8.8,29.5,Post-Monsoon,DAP
Solapur,Black,Wheat,112.3,51.5,61.3,5.22,22.2,7.2,11.9,27.8,Semi-Arid,DAP
Solapur,Black,Sorghum,78.3,45.5,52.1,4.5,13.4,7.4,3.8,27.6,Winter,DAP
Solapur,Red,Cotton,130.7,57.7,50.6,2.89,20.7,6.3,10.5,29.7,Moderate Rainfall,NPK 19:19:19
Solapur,Red,Cotton,158.7,54.1,56.3,3.16,19.7,6.9,10.5,30.5,Post-Monsoon,NPK 19:19:19
Solapur,Red,Cotton,127.0,70.1,49.3,3.94,22.0,6.6,5.5,29.0,Semi-Arid,NPK 19:19:19
Solapur,Red,Maize,148.3,82.5,51.7,3.31,23.8,6.7,11.1,31.8,Winter,Complex Fertilizer
Solapur,Sandy,Wheat,126.6,62.8,57.8,3.61,21.6,6.5,4.1,26.7,Moderate Rainfall,Urea
Solapur,Sandy,Wheat,126.8,66.0,59.9,4.12,20.3,6.1,5.5,33.9,Post-Monsoon,NPK 12:32:16
Solapur,Sandy,Bajra,96.6,35.9,43.9,2.64,15.0,7.2,9.3,30.3,Semi-Arid,NPK 12:32:16
Solapur,Sandy,Wheat,128.6,60.9,61.5,4.84,19.6,6.5,8.2,33.5,Winter,NPK 12:32:16
Thane,Laterite,Rice,144.2,78.6,62.0,5.37,15.2,5.5,2.2,28.8,Heavy Rainfall,Urea
Thane,Laterite,Rice,123.6,66.5,64.5,3.48,22.3,5.1,6.8,25.4,Humid,Urea
Thane,Laterite,Rice,124.9,72.2,64.2,2.8,12.5,5.6,5.6,26.9,Monsoon,Urea
Thane,Laterite,Rice,149.1,78.7,64.9,3.21,15.9,6.5,7.4,28.2,Post-Monsoon,Urea
Thane,Red,Rice,109.2,57.1,51.8,4.94,17.4,6.7,5.7,27.7,Heavy Rainfall,DAP
Thane,Red,Rice,123.5,71.5,63.6,4.97,19.4,6.4,3.5,30.3,Humid,NPK 12:32:16
Thane,Red,Rice,110.3,68.1,58.3,3.75,15.2,6.6,5.3,25.9,Monsoon,NPK 12:32:16
Thane,Red,Rice,108.5,70.2,57.2,4.61,18.3,6.7,2.7,29.4,Post-Monsoon,DAP
Thane,Sandy,Vegetables,115.8,67.1,78.9,4.56,24.8,7.2,4.3,32.3,Heavy Rainfall,DAP
Thane,Sandy,Coconut,652.2,414.4,1405.6,7.99,25.9,6.4,5.3,26.0,Humid,DAP
Thane,Sandy,Coconut,646.5,406.0,1721.2,12.43,42.6,6.4,7.2,25.8,Monsoon,MOP
Thane,Sandy,Rice,155.1,57.5,72.7,4.48,19.6,6.6,3.3,27.8,Post-Monsoon,NPK 12:32:16
Wardha,Black,Cotton,110.2,47.8,62.4,4.22,16.2,7.6,3.0,26.4,Moderate Rainfall,NPK 19:19:19
Wardha,Black,Cotton,114.9,61.1,60.8,2.52,25.2,7.8,9.3,29.5,Monsoon,NPK 19:19:19
Wardha,Black,Cotton,106.1,53.1,42.7,5.56,16.5,7.3,5.4,28.6,Post-Monsoon,Urea
Wardha,Black,Sorghum,68.0,46.5,49.6,3.36,17.0,7.2,10.6,31.7,Winter,NPK 12:32:16
Wardha,Clay,Cotton,124.9,51.9,50.9,3.25,24.7,7.2,5.1,26.8,Moderate Rainfall,NPK 19:19:19
Wardha,Clay,Cotton,127.1,39.4,51.1,4.19,17.6,7.5,5.6,32.4,Monsoon,DAP
Wardha,Clay,Cotton,133.7,45.6,41.2,3.48,27.1,7.9,8.7,30.6,Post-Monsoon,Complex Fertilizer
Wardha,Clay,Cotton,107.7,58.6,54.5,4.23,16.7,7.4,6.4,26.0,Winter,DAP
Wardha,Red,Cotton,115.2,63.5,61.6,3.0,18.3,5.9,9.5,29.5,Moderate Rainfall,DAP
Wardha,Red,Cotton,155.6,66.4,53.8,4.87,27.5,5.9,3.4,31.2,Monsoon,Urea
Wardha,Red,Cotton,151.9,68.0,64.6,3.55,22.8,7.0,11.6,29.2,Post-Monsoon,DAP
Wardha,Red,Cotton,111.2,58.2,54.9,4.59,24.7,6.2,4.8,30.3,Winter,DAP
Washim,Black,Cotton,102.6,39.2,48.3,2.43,23.7,7.7,3.7,29.1,Moderate Rainfall,NPK 19:19:19
Washim,Black,Cotton,127.1,43.8,64.4,5.26,17.5,8.2,4.3,30.0,Monsoon,DAP
Washim,Black,Cotton,112.3,58.8,53.2,3.73,21.2,8.1,7.7,27.0,Post-Monsoon,DAP
Washim,Black,Soybean,31.5,60.5,52.2,2.56,20.9,8.0,8.5,31.8,Winter,Superphosphate
Washim,Clay,Soybean,40.6,71.1,49.4,3.68,27.3,7.6,11.0,31.9,Moderate Rainfall,DAP
Washim,Clay,Cotton,134.5,41.5,48.4,4.14,17.1,7.6,9.4,30.8,Monsoon,DAP
Washim,Clay,Cotton,97.3,44.3,61.6,3.02,23.4,7.9,8.4,32.4,Post-Monsoon,Urea
Washim,Clay,Cotton,114.6,58.2,44.3,3.95,22.3,6.8,7.5,26.1,Winter,Complex Fertilizer
Washim,Red,Cotton,135.8,68.6,48.8,3.31,17.6,6.9,5.7,29.8,Monsoon,NPK 19:19:19
Washim,Red,Banana,242.1,130.0,256.8,9.28,29.0,5.7,8.7,30.9,Post-Monsoon,Complex Fertilizer
Washim,Red,Cotton,143.5,71.2,65.5,4.07,15.8,7.0,11.9,29.9,Winter,Complex Fertilizer
Yavatmal,Black,Cotton,142.1,58.7,57.6,4.49,20.7,8.1,10.3,33.9,Moderate Rainfall,DAP
Yavatmal,Black,Cotton,124.6,54.8,57.0,2.95,26.9,7.5,6.9,34.3,Monsoon,Complex Fertilizer
Yavatmal,Black,Cotton,104.2,38.4,52.3,5.06,17.2,8.5,10.0,32.5,Post-Monsoon,Complex Fertilizer
Yavatmal,Black,Cotton,109.3,42.6,50.8,2.93,24.9,8.4,8.4,33.2,Winter,Complex Fertilizer
Yavatmal,Clay,Cotton,135.1,47.0,59.3,3.63,19.2,7.5,5.5,31.4,Moderate Rainfall,Complex Fertilizer
Yavatmal,Clay,Cotton,106.8,50.2,45.2,3.6,24.6,7.0,7.6,31.0,Monsoon,NPK 19:19:19
Yavatmal,Clay,Cotton,139.8,47.6,45.3,4.75,21.6,7.1,5.9,26.6,Post-Monsoon,DAP
Yavatmal,Clay,Soybean,41.4,71.9,44.9,5.41,26.5,7.8,4.3,28.8,Winter,NPK 12:32:16
Yavatmal,Red,Cotton,158.5,62.8,42.9,5.51,18.8,5.8,9.3,28.6,Moderate Rainfall,DAP
Yavatmal,Red,Soybean,38.4,99.8,59.2,4.62,22.2,5.6,8.7,28.5,Monsoon,DAP
Yavatmal,Red,Cotton,121.2,69.2,42.4,4.54,26.5,5.9,5.8,30.6,Post-Monsoon,Urea
Yavatmal,Red,Soybean,45.2,72.7,55.6,2.88,24.8,5.6,10.5,30.2,Winter,NPK 12:32:16
